{"cameraMode":{"drawMode":0,"name":"Shaded","section":"Shading Mode"},"sceneLighting":false,"audioPlay":false,"sceneViewState":{"m_AlwaysRefresh":false,"showFog":true,"showSkybox":true,"showFlares":true,"showImageEffects":true,"showParticleSystems":true,"showVisualEffectGraphs":true,"m_FxEnabled":true},"in2DMode":false,"pivot":{"x":738.9340209960938,"y":210.8839111328125,"z":-0.24407958984375},"rotation":{"x":-0.01049905363470316,"y":-0.01199905201792717,"z":-0.00012599473120644689,"w":0.9998729825019836},"size":239.12696838378907,"orthographic":true}